date,ticker,open,high,low,close,adjusted_close,volume,dividend,split_coefficient
2022-05-19,CMRA,10.89,11.1,8.53,9.91,9.91,838200,0.0,1.0
2022-05-20,CMRA,9.75,11.44,8.8,8.85,8.85,250619,0.0,1.0
2022-05-23,CMRA,9.12,9.81,7.71,8.0,8.0,899389,0.0,1.0
2022-05-24,CMRA,7.87,7.9823,6.56,7.23,7.23,268006,0.0,1.0
2022-05-25,CMRA,6.9,7.1809,5.26,5.35,5.35,352123,0.0,1.0
2022-05-26,CMRA,5.3,5.79,3.32,3.39,3.39,711231,0.0,1.0
2022-05-27,CMRA,2.5,3.08,2.5,2.5,2.5,838280,0.0,1.0
2022-05-31,CMRA,2.49,2.87,2.19,2.19,2.19,387724,0.0,1.0
2022-06-01,CMRA,2.3,2.4267,2.2,2.31,2.31,111660,0.0,1.0
2022-06-02,CMRA,2.3,2.4636,2.2538,2.35,2.35,110744,0.0,1.0
2022-06-03,CMRA,2.4062,2.4062,1.96,2.0,2.0,137496,0.0,1.0
2022-06-06,CMRA,1.9,1.99,1.52,1.56,1.56,193127,0.0,1.0
2022-06-07,CMRA,1.54,1.84,1.51,1.59,1.59,123310,0.0,1.0
2022-06-08,CMRA,1.49,1.59,1.3101,1.41,1.41,217005,0.0,1.0
2022-06-09,CMRA,1.41,1.52,1.362,1.4,1.4,84946,0.0,1.0
2022-06-10,CMRA,1.4,1.425,1.3,1.32,1.32,119957,0.0,1.0
2022-06-13,CMRA,1.35,1.6199,1.11,1.17,1.17,85043,0.0,1.0
2022-06-14,CMRA,1.182,4.37,1.18,2.65,2.65,68863919,0.0,1.0
2022-06-15,CMRA,2.31,4.05,2.22,3.72,3.72,37301131,0.0,1.0
2022-06-16,CMRA,4.07,4.67,2.85,3.5,3.5,13906994,0.0,1.0
2022-06-17,CMRA,3.3,4.93,3.22,4.44,4.44,22398923,0.0,1.0
2022-06-21,CMRA,4.25,5.7,3.67,4.11,4.11,11089331,0.0,1.0
2022-06-22,CMRA,4.29,4.57,3.73,3.91,3.91,1745525,0.0,1.0
2022-06-23,CMRA,3.8,4.16,3.36,3.52,3.52,782591,0.0,1.0
2022-06-24,CMRA,3.5,3.72,3.3,3.3,3.3,430797,0.0,1.0
2022-06-27,CMRA,3.31,3.55,2.8501,2.97,2.97,509666,0.0,1.0
2022-06-28,CMRA,2.92,3.14,2.72,2.72,2.72,352492,0.0,1.0
2022-06-29,CMRA,2.66,3.33,2.45,2.66,2.66,1833346,0.0,1.0
2022-06-30,CMRA,2.77,2.8,2.3573,2.64,2.64,437242,0.0,1.0
2022-07-01,CMRA,2.63,2.84,2.58,2.69,2.69,292475,0.0,1.0
2022-07-05,CMRA,2.61,2.73,2.35,2.37,2.37,210535,0.0,1.0
2022-07-06,CMRA,2.29,2.5,2.27,2.29,2.29,288176,0.0,1.0
2022-07-07,CMRA,2.29,2.66,2.18,2.58,2.58,358912,0.0,1.0
2022-07-08,CMRA,2.78,2.8599,2.57,2.62,2.62,324268,0.0,1.0
2022-07-11,CMRA,2.58,2.76,2.36,2.36,2.36,211131,0.0,1.0
2022-07-12,CMRA,2.29,2.54,2.26,2.38,2.38,176762,0.0,1.0
2022-07-13,CMRA,2.34,2.4,2.06,2.13,2.13,209597,0.0,1.0
2022-07-14,CMRA,2.07,2.17,1.9401,1.98,1.98,92650,0.0,1.0
2022-07-15,CMRA,1.98,2.07,1.9601,2.06,2.06,97653,0.0,1.0
2022-07-18,CMRA,2.13,2.1504,1.96,2.0,2.0,168494,0.0,1.0
2022-07-19,CMRA,2.04,2.16,1.94,1.96,1.96,68353,0.0,1.0
2022-07-20,CMRA,1.92,2.09,1.92,1.95,1.95,155204,0.0,1.0
2022-07-21,CMRA,1.94,2.03,1.9,1.9,1.9,118274,0.0,1.0
2022-07-22,CMRA,1.91,1.96,1.8,1.85,1.85,127946,0.0,1.0
2022-07-25,CMRA,1.8,1.845,1.71,1.71,1.71,74479,0.0,1.0
2022-07-26,CMRA,1.67,3.43,1.62,2.75,2.75,20453839,0.0,1.0
2022-07-27,CMRA,2.75,3.95,2.31,3.17,3.17,23705321,0.0,1.0
2022-07-28,CMRA,3.04,4.64,3.01,4.01,4.01,16593071,0.0,1.0
2022-07-29,CMRA,3.79,4.35,3.55,3.93,3.93,4309875,0.0,1.0
2022-08-01,CMRA,3.96,4.58,3.7301,3.89,3.89,1477906,0.0,1.0
2022-08-02,CMRA,3.86,3.885,2.85,2.98,2.98,1028784,0.0,1.0
2022-08-03,CMRA,3.0,3.1617,2.78,2.8,2.8,294397,0.0,1.0
2022-08-04,CMRA,2.78,3.25,2.69,2.93,2.93,1067428,0.0,1.0
2022-08-05,CMRA,2.81,2.99,2.7901,2.86,2.86,129643,0.0,1.0
2022-08-08,CMRA,2.86,3.02,2.85,2.91,2.91,146256,0.0,1.0
2022-08-09,CMRA,2.92,3.75,2.72,2.77,2.77,2301789,0.0,1.0
2022-08-10,CMRA,2.73,3.0899,2.72,2.85,2.85,587367,0.0,1.0
2022-08-11,CMRA,2.82,2.9,2.76,2.79,2.79,151170,0.0,1.0
2022-08-12,CMRA,2.74,2.8899,2.5,2.74,2.74,87409,0.0,1.0
2022-08-15,CMRA,2.76,2.96,2.61,2.7999,2.7999,197338,0.0,1.0
2022-08-16,CMRA,2.81,2.93,2.75,2.8,2.8,62926,0.0,1.0
2022-08-17,CMRA,2.72,2.84,2.67,2.82,2.82,31571,0.0,1.0
2022-08-18,CMRA,2.81,2.9499,2.65,2.7,2.7,80042,0.0,1.0
2022-08-19,CMRA,2.83,2.948,2.75,2.78,2.78,175154,0.0,1.0
2022-08-22,CMRA,2.74,3.4,2.74,2.89,2.89,869120,0.0,1.0
2022-08-23,CMRA,2.82,2.935,1.88,2.4,2.4,474350,0.0,1.0
2022-08-24,CMRA,2.42,2.42,2.24,2.3,2.3,83020,0.0,1.0
2022-08-25,CMRA,2.23,2.29,1.8193,1.9,1.9,147057,0.0,1.0
2022-08-26,CMRA,1.96,2.0599,1.8,1.82,1.82,96811,0.0,1.0
2022-08-29,CMRA,1.82,1.9606,1.76,1.8,1.8,103290,0.0,1.0
2022-08-30,CMRA,1.76,1.8199,1.76,1.8,1.8,43900,0.0,1.0
2022-08-31,CMRA,1.82,1.865,1.76,1.77,1.77,1241133,0.0,1.0
2022-09-01,CMRA,2.03,2.44,1.91,2.18,2.18,11941741,0.0,1.0
2022-09-02,CMRA,2.15,2.21,1.89,1.89,1.89,528244,0.0,1.0
2022-09-06,CMRA,1.81,2.14,1.5,2.05,2.05,283677,0.0,1.0
2022-09-07,CMRA,1.95,2.1,1.8,1.96,1.96,126964,0.0,1.0
2022-09-08,CMRA,2.03,2.145,1.9202,2.1,2.1,136697,0.0,1.0
2022-09-09,CMRA,2.0419,2.12,1.95,2.02,2.02,113287,0.0,1.0
2022-09-12,CMRA,2.08,2.08,1.87,1.93,1.93,314605,0.0,1.0
2022-09-13,CMRA,2.25,4.28,2.25,3.86,3.86,58450816,0.0,1.0
2022-09-14,CMRA,3.01,3.4,2.5,2.84,2.84,5557412,0.0,1.0
2022-09-15,CMRA,2.72,3.94,2.72,3.57,3.57,20399136,0.0,1.0
2022-09-16,CMRA,2.855,2.8946,2.4,2.48,2.48,2064171,0.0,1.0
2022-09-19,CMRA,2.44,2.6,1.95,2.03,2.03,1318271,0.0,1.0
2022-09-20,CMRA,2.05,2.05,1.85,1.86,1.86,273113,0.0,1.0
2022-09-21,CMRA,1.84,1.88,1.7611,1.78,1.78,334146,0.0,1.0
2022-09-22,CMRA,1.79,1.88,1.6,1.67,1.67,305955,0.0,1.0
2022-09-23,CMRA,1.62,1.85,1.6,1.8,1.8,256970,0.0,1.0
2022-09-26,CMRA,1.77,1.91,1.43,1.46,1.46,901703,0.0,1.0
2022-09-27,CMRA,1.46,1.7755,1.4302,1.64,1.64,484875,0.0,1.0
2022-09-28,CMRA,1.69,1.75,1.5998,1.71,1.71,174886,0.0,1.0
2022-09-29,CMRA,1.66,1.94,1.66,1.89,1.89,275275,0.0,1.0
2022-09-30,CMRA,1.87,1.91,1.61,1.61,1.61,208428,0.0,1.0
2022-10-03,CMRA,1.71,1.75,1.65,1.71,1.71,200471,0.0,1.0
2022-10-04,CMRA,1.71,1.95,1.69,1.93,1.93,224143,0.0,1.0
2022-10-05,CMRA,1.94,2.11,1.82,1.86,1.86,198515,0.0,1.0
2022-10-06,CMRA,1.83,1.91,1.77,1.83,1.83,56454,0.0,1.0
2022-10-07,CMRA,1.89,1.9082,1.6301,1.72,1.72,141514,0.0,1.0
2022-10-10,CMRA,1.68,1.81,1.55,1.66,1.66,60088,0.0,1.0
2022-10-11,CMRA,1.79,1.79,1.55,1.7,1.7,122622,0.0,1.0
2022-10-12,CMRA,1.7359,1.7359,1.51,1.56,1.56,124960,0.0,1.0
2022-10-13,CMRA,1.53,1.72,1.51,1.68,1.68,116067,0.0,1.0
2022-10-14,CMRA,1.61,1.69,1.56,1.5807,1.5807,40176,0.0,1.0
2022-10-17,CMRA,1.64,1.71,1.62,1.65,1.65,115076,0.0,1.0
2022-10-18,CMRA,1.73,1.73,1.6001,1.66,1.66,119256,0.0,1.0
2022-10-19,CMRA,1.79,1.79,1.53,1.59,1.59,124499,0.0,1.0
2022-10-20,CMRA,1.57,1.6899,1.48,1.48,1.48,141641,0.0,1.0
2022-10-21,CMRA,1.5,1.6508,1.43,1.55,1.55,148632,0.0,1.0
2022-10-24,CMRA,1.53,1.65,1.445,1.51,1.51,73169,0.0,1.0
2022-10-25,CMRA,1.57,1.63,1.505,1.57,1.57,67822,0.0,1.0
2022-10-26,CMRA,1.57,1.59,1.51,1.55,1.55,48461,0.0,1.0
2022-10-27,CMRA,1.55,1.61,1.505,1.58,1.58,132437,0.0,1.0
2022-10-28,CMRA,1.555,1.78,1.52,1.59,1.59,456505,0.0,1.0
2022-10-31,CMRA,1.56,1.57,1.46,1.49,1.49,71455,0.0,1.0
2022-11-01,CMRA,1.48,1.6,1.4612,1.54,1.54,63841,0.0,1.0
2022-11-02,CMRA,1.63,1.63,1.5,1.54,1.54,36609,0.0,1.0
2022-11-03,CMRA,1.5,1.52,1.45,1.52,1.52,31350,0.0,1.0
2022-11-04,CMRA,1.58,1.59,1.52,1.57,1.57,53238,0.0,1.0
2022-11-07,CMRA,1.6,1.6,1.37,1.37,1.37,76694,0.0,1.0
2022-11-08,CMRA,1.4299,1.43,1.36,1.36,1.36,45924,0.0,1.0
2022-11-09,CMRA,1.3483,1.36,1.16,1.21,1.21,93518,0.0,1.0
2022-11-10,CMRA,1.23,1.44,1.23,1.41,1.41,54500,0.0,1.0
2022-11-11,CMRA,1.4,1.53,1.4,1.49,1.49,43640,0.0,1.0
2022-11-14,CMRA,1.49,1.49,1.2901,1.32,1.32,55743,0.0,1.0
2022-11-15,CMRA,1.36,1.51,1.35,1.37,1.37,59167,0.0,1.0
2022-11-16,CMRA,1.33,1.38,1.25,1.29,1.29,42606,0.0,1.0
2022-11-17,CMRA,1.31,1.34,1.295,1.3,1.3,7943,0.0,1.0
2022-11-18,CMRA,1.27,1.36,1.27,1.34,1.34,19863,0.0,1.0
2022-11-21,CMRA,1.29,1.3221,1.25,1.28,1.28,24582,0.0,1.0
2022-11-22,CMRA,1.3,1.37,1.28,1.33,1.33,8929,0.0,1.0
2022-11-23,CMRA,1.4,1.4,1.2911,1.38,1.38,19333,0.0,1.0
2022-11-25,CMRA,1.38,1.52,1.34,1.51,1.51,19424,0.0,1.0
2022-11-28,CMRA,1.5,1.5,1.4,1.4,1.4,10450,0.0,1.0
2022-11-29,CMRA,1.42,1.55,1.42,1.4803,1.4803,15350,0.0,1.0
2022-11-30,CMRA,1.47,1.55,1.44,1.53,1.53,17025,0.0,1.0
2022-12-01,CMRA,1.53,1.62,1.53,1.59,1.59,47155,0.0,1.0
2022-12-02,CMRA,1.64,1.64,1.53,1.6,1.6,37662,0.0,1.0
2022-12-05,CMRA,1.58,1.58,1.47,1.51,1.51,27660,0.0,1.0
2022-12-06,CMRA,1.54,1.54,1.42,1.47,1.47,15322,0.0,1.0
2022-12-07,CMRA,1.4987,1.55,1.41,1.5,1.5,7449,0.0,1.0
2022-12-08,CMRA,1.455,1.455,1.35,1.37,1.37,8468,0.0,1.0
2022-12-09,CMRA,1.43,1.43,1.3204,1.41,1.41,24381,0.0,1.0
2022-12-12,CMRA,1.39,1.53,1.34,1.3501,1.3501,14711,0.0,1.0
2022-12-13,CMRA,1.35,1.4131,1.2101,1.24,1.24,32253,0.0,1.0
2022-12-14,CMRA,1.2401,1.27,1.21,1.25,1.25,19330,0.0,1.0
2022-12-15,CMRA,1.25,1.255,1.2,1.2,1.2,9605,0.0,1.0
2022-12-16,CMRA,1.19,1.34,1.1501,1.33,1.33,33894,0.0,1.0
2022-12-19,CMRA,1.2999,1.3207,1.22,1.24,1.24,10585,0.0,1.0
2022-12-20,CMRA,1.27,1.3163,1.2,1.28,1.28,37943,0.0,1.0
2022-12-21,CMRA,1.22,1.2647,1.2001,1.24,1.24,17938,0.0,1.0
2022-12-22,CMRA,1.27,1.28,1.1701,1.27,1.27,15602,0.0,1.0
2022-12-23,CMRA,1.24,1.3,1.21,1.28,1.28,29534,0.0,1.0
2022-12-27,CMRA,1.27,1.3,1.26,1.26,1.26,6177,0.0,1.0
2022-12-28,CMRA,1.26,1.28,1.2101,1.22,1.22,19618,0.0,1.0
2022-12-29,CMRA,1.2317,1.24,1.21,1.24,1.24,20129,0.0,1.0
2022-12-30,CMRA,1.24,1.24,1.18,1.23,1.23,19817,0.0,1.0
2023-01-03,CMRA,1.21,1.42,1.19,1.29,1.29,27512,0.0,1.0
2023-01-04,CMRA,1.27,1.32,1.2458,1.29,1.29,9577,0.0,1.0
2023-01-05,CMRA,1.29,1.29,1.2101,1.22,1.22,8401,0.0,1.0
2023-01-06,CMRA,1.2214,1.58,1.17,1.515,1.515,421515,0.0,1.0
2023-01-09,CMRA,1.62,2.17,1.605,1.9,1.9,997805,0.0,1.0
2023-01-10,CMRA,1.83,1.8563,1.5576,1.65,1.65,196386,0.0,1.0
2023-01-11,CMRA,1.59,1.67,1.5,1.5499,1.5499,95000,0.0,1.0
2023-01-12,CMRA,1.5,1.5,1.395,1.45,1.45,100276,0.0,1.0
2023-01-13,CMRA,1.52,1.68,1.49,1.62,1.62,65201,0.0,1.0
2023-01-17,CMRA,1.6,1.77,1.6,1.62,1.62,64883,0.0,1.0
2023-01-18,CMRA,1.69,1.69,1.3501,1.46,1.46,161555,0.0,1.0
2023-01-19,CMRA,1.54,1.54,1.4101,1.4695,1.4695,24916,0.0,1.0
2023-01-20,CMRA,1.44,1.485,1.4,1.4,1.4,59692,0.0,1.0
2023-01-23,CMRA,1.43,1.51,1.4,1.43,1.43,38214,0.0,1.0
2023-01-24,CMRA,1.54,1.55,1.37,1.37,1.37,40975,0.0,1.0
2023-01-25,CMRA,1.35,1.49,1.35,1.37,1.37,21410,0.0,1.0
2023-01-26,CMRA,1.4403,1.45,1.36,1.41,1.41,41401,0.0,1.0
2023-01-27,CMRA,1.42,1.52,1.31,1.37,1.37,238710,0.0,1.0
2023-01-30,CMRA,1.32,1.385,1.32,1.33,1.33,34476,0.0,1.0
2023-01-31,CMRA,1.36,1.39,1.32,1.36,1.36,27800,0.0,1.0
2023-02-01,CMRA,1.33,1.4,1.32,1.35,1.35,19921,0.0,1.0
2023-02-02,CMRA,1.32,1.4299,1.3,1.34,1.34,47998,0.0,1.0
2023-02-03,CMRA,1.29,1.38,1.28,1.32,1.32,29443,0.0,1.0
2023-02-06,CMRA,1.29,1.37,1.29,1.37,1.37,17088,0.0,1.0
2023-02-07,CMRA,1.39,1.39,1.33,1.34,1.34,20943,0.0,1.0
2023-02-08,CMRA,1.3232,1.34,1.23,1.26,1.26,24454,0.0,1.0
2023-02-09,CMRA,1.3,1.32,1.2373,1.3,1.3,45851,0.0,1.0
2023-02-10,CMRA,1.2587,1.28,1.22,1.245,1.245,15299,0.0,1.0
2023-02-13,CMRA,1.3,1.32,1.2472,1.28,1.28,9412,0.0,1.0
2023-02-14,CMRA,1.3,1.3089,1.23,1.3,1.3,9792,0.0,1.0
2023-02-15,CMRA,1.3588,1.3597,1.3,1.33,1.33,6209,0.0,1.0
2023-02-16,CMRA,1.2435,1.3,1.2435,1.29,1.29,5386,0.0,1.0
2023-02-17,CMRA,1.29,1.32,1.22,1.285,1.285,58872,0.0,1.0
2023-02-21,CMRA,1.35,1.35,1.28,1.3,1.3,44319,0.0,1.0
2023-02-22,CMRA,1.2899,1.2899,1.26,1.26,1.26,11898,0.0,1.0
2023-02-23,CMRA,1.2601,1.31,1.23,1.26,1.26,10584,0.0,1.0
2023-02-24,CMRA,1.35,1.35,1.23,1.23,1.23,7357,0.0,1.0
2023-02-27,CMRA,1.3,1.3,1.2,1.2199,1.2199,14797,0.0,1.0
2023-02-28,CMRA,1.2458,1.31,1.185,1.23,1.23,47623,0.0,1.0
2023-03-01,CMRA,1.23,1.23,1.1899,1.19,1.19,8109,0.0,1.0
2023-03-02,CMRA,1.19,1.21,1.17,1.195,1.195,23121,0.0,1.0
2023-03-03,CMRA,1.35,1.35,1.17,1.19,1.19,36406,0.0,1.0
2023-03-06,CMRA,1.18,1.26,1.18,1.26,1.26,15124,0.0,1.0
2023-03-07,CMRA,1.26,1.26,1.2115,1.26,1.26,7833,0.0,1.0
2023-03-08,CMRA,1.25,1.25,1.2,1.2,1.2,13651,0.0,1.0
2023-03-09,CMRA,1.2113,1.2446,1.2,1.21,1.21,11822,0.0,1.0
2023-03-10,CMRA,1.23,1.2327,1.18,1.19,1.19,21495,0.0,1.0
2023-03-13,CMRA,1.2048,1.23,1.18,1.23,1.23,14540,0.0,1.0
2023-03-14,CMRA,1.19,1.25,1.16,1.16,1.16,35520,0.0,1.0
2023-03-15,CMRA,1.17,1.3,1.12,1.12,1.12,27085,0.0,1.0
2023-03-16,CMRA,1.12,1.17,1.115,1.13,1.13,21154,0.0,1.0
2023-03-17,CMRA,1.38,1.38,1.05,1.05,1.05,61084,0.0,1.0
2023-03-20,CMRA,1.05,1.151,0.8782,0.9102,0.9102,56374,0.0,1.0
2023-03-21,CMRA,0.89,0.9099,0.87,0.884,0.884,14240,0.0,1.0
2023-03-22,CMRA,0.884,0.9625,0.875,0.8882,0.8882,6973,0.0,1.0
2023-03-23,CMRA,0.94,0.94,0.93,0.93,0.93,2073,0.0,1.0
2023-03-24,CMRA,0.903099,0.929199,0.877,0.8861,0.8861,5204,0.0,1.0
2023-03-27,CMRA,0.90835,0.90835,0.8343,0.8368,0.8368,15150,0.0,1.0
2023-03-28,CMRA,0.853749,0.9667,0.804,0.8894,0.8894,15125,0.0,1.0
2023-03-29,CMRA,0.8464,0.96,0.8356,0.8956,0.8956,36039,0.0,1.0
2023-03-30,CMRA,0.8521,0.92,0.8521,0.9199,0.9199,4378,0.0,1.0
2023-03-31,CMRA,0.8888,0.91,0.85,0.899,0.899,4496,0.0,1.0
2023-04-03,CMRA,0.896251,0.896251,0.861,0.89,0.89,8902,0.0,1.0
2023-04-04,CMRA,0.861,0.9599,0.85,0.8801,0.8801,29534,0.0,1.0
2023-04-05,CMRA,0.88,0.9205,0.838,0.85,0.85,11287,0.0,1.0
2023-04-06,CMRA,0.910001,0.920751,0.8151,0.835,0.835,10012,0.0,1.0
2023-04-10,CMRA,0.81,0.81,0.7821,0.8,0.8,4083,0.0,1.0
2023-04-11,CMRA,0.82,0.8403,0.75,0.7999,0.7999,16511,0.0,1.0
2023-04-12,CMRA,0.769901,0.7799,0.75,0.7616,0.7616,9928,0.0,1.0
2023-04-13,CMRA,0.7769,0.96,0.7769,0.7893,0.7893,18324,0.0,1.0
2023-04-14,CMRA,0.78,0.88,0.77,0.82,0.82,15839,0.0,1.0
2023-04-17,CMRA,0.9417,0.9417,0.7802,0.8002,0.8002,50990,0.0,1.0
2023-04-18,CMRA,0.7844,0.8638,0.7844,0.8638,0.8638,13470,0.0,1.0
2023-04-19,CMRA,0.82,0.866,0.7627,0.801,0.801,12886,0.0,1.0
2023-04-20,CMRA,0.71,0.78,0.71,0.750101,0.750101,4461,0.0,1.0
2023-04-21,CMRA,0.780001,0.85,0.78,0.78,0.78,6895,0.0,1.0
2023-04-24,CMRA,0.819101,0.820526,0.7501,0.79,0.79,11843,0.0,1.0
2023-04-25,CMRA,0.7763,0.82,0.73,0.7678,0.7678,4496,0.0,1.0
2023-04-26,CMRA,0.8,0.8,0.751551,0.78,0.78,2722,0.0,1.0
2023-04-27,CMRA,0.795,0.8,0.7201,0.7993,0.7993,5112,0.0,1.0
2023-04-28,CMRA,0.741,0.779,0.7213,0.7319,0.7319,16047,0.0,1.0
2023-05-01,CMRA,0.736,0.7849,0.7209,0.7305,0.7305,35471,0.0,1.0
2023-05-02,CMRA,0.7511,0.76505,0.73,0.7306,0.7306,8699,0.0,1.0
2023-05-03,CMRA,0.6985,0.7518,0.6985,0.7,0.7,24616,0.0,1.0
2023-05-04,CMRA,0.7,0.75,0.7,0.7499,0.7499,1437,0.0,1.0
2023-05-05,CMRA,0.8255,0.8255,0.695,0.7799,0.7799,2201,0.0,1.0
2023-05-08,CMRA,0.6911,0.721,0.6285,0.7025,0.7025,7276,0.0,1.0
2023-05-09,CMRA,0.7,0.7694,0.699899,0.7694,0.7694,6053,0.0,1.0
2023-05-10,CMRA,0.7645,0.7744,0.7295,0.7295,0.7295,2750,0.0,1.0
2023-05-11,CMRA,0.7249,0.75,0.7,0.7299,0.7299,15009,0.0,1.0
2023-05-12,CMRA,0.7003,0.7003,0.5,0.689899,0.689899,28815,0.0,1.0
2023-05-15,CMRA,0.71,0.71,0.7073,0.71,0.71,5833,0.0,1.0
2023-05-16,CMRA,0.65,0.650001,0.6,0.606077,0.606077,17263,0.0,1.0
2023-05-17,CMRA,0.64,0.64,0.55,0.6,0.6,13552,0.0,1.0
2023-05-18,CMRA,0.5801,0.6474,0.5801,0.6421,0.6421,12141,0.0,1.0
2023-05-19,CMRA,0.63,0.63,0.63,0.63,0.63,220,0.0,1.0
2023-05-22,CMRA,0.630101,0.6498,0.55,0.6498,0.6498,20303,0.0,1.0
2023-05-23,CMRA,0.6723,0.6723,0.5642,0.6249,0.6249,1130,0.0,1.0
2023-05-24,CMRA,0.6,0.6389,0.5298,0.5502,0.5502,27672,0.0,1.0
2023-05-25,CMRA,0.5301,0.5671,0.52,0.5271,0.5271,6209,0.0,1.0
2023-05-26,CMRA,0.54,0.5935,0.5008,0.57,0.57,2826,0.0,1.0
2023-05-30,CMRA,0.483101,0.56,0.483101,0.56,0.56,2903,0.0,1.0
2023-05-31,CMRA,0.5,0.5974,0.5,0.51,0.51,959,0.0,1.0
2023-06-01,CMRA,0.574,0.598,0.4004,0.4202,0.4202,73581,0.0,1.0
2023-06-02,CMRA,0.449499,0.4999,0.4,0.4,0.4,23585,0.0,1.0
2023-06-05,CMRA,0.4014,0.43,0.3701,0.41,0.41,15164,0.0,1.0
2023-06-06,CMRA,0.429,0.43,0.3832,0.4023,0.4023,6480,0.0,1.0
2023-06-07,CMRA,0.4224,0.43,0.3701,0.43,0.43,23625,0.0,1.0
2023-06-08,CMRA,0.42,0.5,0.4,0.5,0.5,21431,0.0,1.0
2023-06-09,CMRA,0.45,0.4999,0.4049,0.4314,0.4314,4753,0.0,1.0
2023-06-12,CMRA,0.43,0.4899,0.411,0.4899,0.4899,2475,0.0,1.0
2023-06-13,CMRA,0.43,0.4999,0.43,0.4999,0.4999,5194,0.0,1.0
2023-06-14,CMRA,0.44,0.5558,0.44,0.4711,0.4711,21610,0.0,1.0
2023-06-15,CMRA,0.5537,0.5537,0.471,0.53,0.53,23282,0.0,1.0
2023-06-16,CMRA,0.56575,0.575,0.5,0.5019,0.5019,8325,0.0,1.0
2023-06-20,CMRA,0.5,0.5,0.420601,0.461,0.461,31361,0.0,1.0
2023-06-21,CMRA,0.45,0.575,0.45,0.55,0.55,58906,0.0,1.0
2023-06-22,CMRA,0.5266,0.5898,0.51662,0.518,0.518,15707,0.0,1.0
2023-06-23,CMRA,0.518,0.57,0.518,0.54,0.54,5849,0.0,1.0
2023-06-26,CMRA,0.5255,0.55,0.5062,0.5062,0.5062,4604,0.0,1.0
2023-06-27,CMRA,0.5084,0.5084,0.482,0.4968,0.4968,1845,0.0,1.0
2023-06-28,CMRA,0.495,0.495,0.48,0.4801,0.4801,3968,0.0,1.0
2023-06-29,CMRA,0.458,0.4999,0.4202,0.4443,0.4443,4538,0.0,1.0
2023-06-30,CMRA,0.4623,0.49,0.411,0.4874,0.4874,1803922,0.0,1.0
2023-07-03,CMRA,0.57,0.5749,0.4568,0.52,0.52,660677,0.0,1.0
2023-07-05,CMRA,0.46,0.6,0.4307,0.5837,0.5837,195676,0.0,1.0
2023-07-06,CMRA,0.5,0.562151,0.49,0.5597,0.5597,119168,0.0,1.0
2023-07-07,CMRA,0.5,0.5818,0.5,0.58,0.58,49104,0.0,1.0
2023-07-10,CMRA,0.55,0.64,0.55,0.575,0.575,54429,0.0,1.0
2023-07-11,CMRA,0.55,0.6,0.55,0.598,0.598,37844,0.0,1.0
2023-07-12,CMRA,0.5705,0.65,0.5511,0.639999,0.639999,34797,0.0,1.0
2023-07-13,CMRA,0.63,0.6412,0.596,0.62,0.62,19088,0.0,1.0
2023-07-14,CMRA,0.6202,0.7,0.56,0.5601,0.5601,23242,0.0,1.0
2023-07-17,CMRA,0.62,0.6722,0.589,0.6523,0.6523,39956,0.0,1.0
2023-07-18,CMRA,0.63,0.679,0.6,0.679,0.679,20471,0.0,1.0
2023-07-19,CMRA,0.6657,0.6791,0.65,0.679,0.679,10111,0.0,1.0
2023-07-20,CMRA,0.66,0.67,0.6094,0.67,0.67,6395,0.0,1.0
2023-07-21,CMRA,0.665199,0.67,0.5238,0.64,0.64,16206,0.0,1.0
2023-07-24,CMRA,0.6467,0.67,0.6143,0.6554,0.6554,14571,0.0,1.0
2023-07-25,CMRA,0.669,0.669,0.61,0.62,0.62,8964,0.0,1.0
2023-07-26,CMRA,0.62,0.640001,0.61,0.639,0.639,4314,0.0,1.0
2023-07-27,CMRA,0.6283,0.6699,0.611,0.65,0.65,4997,0.0,1.0
2023-07-28,CMRA,0.63,0.64,0.61,0.61,0.61,5011,0.0,1.0
2023-07-31,CMRA,0.631,0.631,0.5553,0.595,0.595,2379,0.0,1.0
2023-08-01,CMRA,0.63,0.7394,0.595,0.658,0.658,144667,0.0,1.0
2023-08-02,CMRA,0.65,0.711,0.63,0.67,0.67,53278,0.0,1.0
2023-08-03,CMRA,0.65,0.7111,0.61,0.65,0.65,41009,0.0,1.0
2023-08-04,CMRA,0.65,0.660501,0.551,0.6,0.6,42598,0.0,1.0
2023-08-07,CMRA,0.6,0.64576,0.599,0.606499,0.606499,10140,0.0,1.0
2023-08-08,CMRA,0.62,0.7,0.62,0.65,0.65,32163,0.0,1.0
2023-08-09,CMRA,0.6299,0.63,0.6001,0.6225,0.6225,16607,0.0,1.0
2023-08-10,CMRA,0.61,0.65,0.596,0.638,0.638,3924,0.0,1.0
2023-08-11,CMRA,0.6477,0.69,0.575,0.621,0.621,6615,0.0,1.0
2023-08-14,CMRA,0.6,0.67,0.58,0.605,0.605,33347,0.0,1.0
2023-08-15,CMRA,0.6,0.6615,0.587,0.6125,0.6125,6461,0.0,1.0
2023-08-16,CMRA,0.61,0.658,0.5901,0.658,0.658,6153,0.0,1.0
2023-08-17,CMRA,0.641,0.6601,0.59,0.6206,0.6206,20207,0.0,1.0
2023-08-18,CMRA,0.63,0.65,0.612,0.613,0.613,6016,0.0,1.0
2023-08-21,CMRA,0.5931,0.62,0.5931,0.6101,0.6101,1966,0.0,1.0
2023-08-22,CMRA,0.61,0.649,0.57,0.6,0.6,24496,0.0,1.0
2023-08-23,CMRA,0.595301,0.6099,0.5201,0.5692,0.5692,17305,0.0,1.0
2023-08-24,CMRA,0.5971,0.5971,0.4701,0.499,0.499,72254,0.0,1.0
2023-08-25,CMRA,0.5305,0.6,0.5305,0.54,0.54,56407,0.0,1.0
2023-08-28,CMRA,0.56,0.6499,0.49,0.526,0.526,104972,0.0,1.0
2023-08-29,CMRA,0.56,0.5705,0.4584,0.51,0.51,83046,0.0,1.0
2023-08-30,CMRA,0.5409,0.5409,0.45,0.46,0.46,39697,0.0,1.0
2023-08-31,CMRA,0.489,0.49,0.415,0.4363,0.4363,43985,0.0,1.0
2023-09-01,CMRA,0.43,0.57,0.42,0.5199,0.5199,30560,0.0,1.0
2023-09-05,CMRA,0.5229,0.57,0.4305,0.4305,0.4305,22186,0.0,1.0
2023-09-06,CMRA,0.45,0.58207,0.43,0.4352,0.4352,49448,0.0,1.0
2023-09-07,CMRA,0.43,0.4434,0.373,0.377,0.377,57704,0.0,1.0
2023-09-08,CMRA,0.39,0.4227,0.3707,0.381,0.381,12712,0.0,1.0
2023-09-11,CMRA,0.39,0.39,0.3303,0.3391,0.3391,43630,0.0,1.0
2023-09-12,CMRA,0.4417,0.4417,0.375,0.375,0.375,103292,0.0,1.0
2023-09-13,CMRA,0.380883,0.3997,0.350101,0.3669,0.3669,57545,0.0,1.0
2023-09-14,CMRA,0.375,0.390001,0.3554,0.3554,0.3554,68861,0.0,1.0
2023-09-15,CMRA,0.37,0.4,0.3501,0.4,0.4,64678,0.0,1.0
2023-09-18,CMRA,0.41,0.41,0.3545,0.3545,0.3545,26915,0.0,1.0
2023-09-19,CMRA,0.3463,0.38,0.3463,0.35,0.35,35340,0.0,1.0
2023-09-20,CMRA,0.354999,0.36,0.3211,0.3211,0.3211,71325,0.0,1.0
2023-09-21,CMRA,0.3,0.32,0.26,0.288,0.288,42957,0.0,1.0
2023-09-22,CMRA,0.261,0.3375,0.261,0.2984,0.2984,45858,0.0,1.0
2023-09-25,CMRA,0.3,0.3491,0.283,0.334,0.334,22573,0.0,1.0
2023-09-26,CMRA,0.4,0.419,0.3512,0.3899,0.3899,223533,0.0,1.0
2023-09-27,CMRA,0.38,0.39,0.355,0.376,0.376,57228,0.0,1.0
2023-09-28,CMRA,0.36,0.374899,0.3122,0.335,0.335,53138,0.0,1.0
2023-09-29,CMRA,0.349,0.35,0.29,0.2915,0.2915,110913,0.0,1.0
2023-10-02,CMRA,0.3,0.3429,0.297249,0.3,0.3,37944,0.0,1.0
2023-10-03,CMRA,0.3,0.3,0.27,0.27,0.27,65333,0.0,1.0
2023-10-04,CMRA,0.2701,0.297,0.27,0.28,0.28,66802,0.0,1.0
2023-10-05,CMRA,0.2805,0.3369,0.28,0.3035,0.3035,497600,0.0,1.0
2023-10-06,CMRA,0.3,0.3355,0.27,0.27,0.27,187955,0.0,1.0
2023-10-09,CMRA,0.2727,0.2727,0.2204,0.245,0.245,79011,0.0,1.0
2023-10-10,CMRA,0.2425,0.26,0.2406,0.255,0.255,26723,0.0,1.0
2023-10-11,CMRA,0.25,0.25,0.22,0.235,0.235,100243,0.0,1.0
2023-10-12,CMRA,0.23,0.4666,0.23,0.319,0.319,3145370,0.0,1.0
2023-10-13,CMRA,0.295,0.3233,0.2501,0.307,0.307,560922,0.0,1.0
2023-10-16,CMRA,0.2978,0.3299,0.2601,0.2706,0.2706,285627,0.0,1.0
2023-10-17,CMRA,0.28,0.35,0.2708,0.3057,0.3057,755759,0.0,1.0
2023-10-18,CMRA,0.31,0.31,0.27,0.297,0.297,314933,0.0,1.0
2023-10-19,CMRA,0.2881,0.3,0.266,0.266,0.266,188464,0.0,1.0
2023-10-20,CMRA,0.28,0.325,0.2661,0.3154,0.3154,298218,0.0,1.0
2023-10-23,CMRA,0.31,0.31,0.2859,0.2888,0.2888,66772,0.0,1.0
2023-10-24,CMRA,0.285,0.3673,0.28,0.33,0.33,327219,0.0,1.0
2023-10-25,CMRA,0.32,0.3241,0.2937,0.308,0.308,98119,0.0,1.0
2023-10-26,CMRA,0.2931,0.3299,0.2931,0.319,0.319,56813,0.0,1.0
2023-10-27,CMRA,0.31,0.329,0.296,0.3181,0.3181,37000,0.0,1.0
2023-10-30,CMRA,0.31,0.31,0.2951,0.3,0.3,54359,0.0,1.0
2023-10-31,CMRA,0.31,0.311349,0.293,0.295,0.295,112622,0.0,1.0
2023-11-01,CMRA,0.284,0.3114,0.284,0.295,0.295,44054,0.0,1.0
2023-11-02,CMRA,0.2952,0.32,0.2952,0.3088,0.3088,49723,0.0,1.0
2023-11-03,CMRA,0.31,0.3297,0.3066,0.3131,0.3131,157829,0.0,1.0
2023-11-06,CMRA,0.3155,0.3206,0.305,0.305,0.305,127391,0.0,1.0
2023-11-07,CMRA,0.315,0.3638,0.299,0.355,0.355,635916,0.0,1.0
2023-11-08,CMRA,0.35,0.3749,0.3,0.3501,0.3501,189369,0.0,1.0
2023-11-09,CMRA,0.3298,0.3345,0.305,0.3155,0.3155,95518,0.0,1.0
2023-11-10,CMRA,0.31,0.31,0.25,0.2501,0.2501,140049,0.0,1.0
2023-11-13,CMRA,0.2701,0.28,0.2311,0.25,0.25,132520,0.0,1.0
2023-11-14,CMRA,0.253,0.27,0.235,0.235,0.235,105710,0.0,1.0
2023-11-15,CMRA,0.2453,0.25,0.238,0.2444,0.2444,13674,0.0,1.0
2023-11-16,CMRA,0.244,0.2729,0.221,0.2227,0.2227,814146,0.0,1.0
2023-11-17,CMRA,0.03,0.1,0.03,0.0425,0.0425,489276,0.0,1.0
2023-11-20,CMRA,0.065,0.065,0.0511,0.058,0.058,484559,0.0,1.0
2023-11-21,CMRA,0.065,0.065,0.055,0.0568,0.0568,189944,0.0,1.0
2023-11-22,CMRA,0.06,0.0625,0.052,0.06,0.06,233803,0.0,1.0
2023-11-24,CMRA,0.06,0.06,0.053,0.053,0.053,36811,0.0,1.0
2023-11-27,CMRA,0.053,0.0725,0.053,0.06975,0.06975,189110,0.0,1.0
2023-11-28,CMRA,0.0675,0.0675,0.0611,0.065,0.065,191405,0.0,1.0
2023-11-29,CMRA,0.0667,0.0667,0.0627,0.0627,0.0627,10458,0.0,1.0
2023-11-30,CMRA,0.0667,0.08,0.0627,0.08,0.08,33095,0.0,1.0
2023-12-01,CMRA,0.0937,0.0937,0.081,0.082,0.082,25443,0.0,1.0
2023-12-04,CMRA,0.0937,0.0937,0.08785,0.089345,0.089345,43510,0.0,1.0
2023-12-05,CMRA,0.087,0.08901,0.071,0.071,0.071,2430,0.0,1.0
2023-12-06,CMRA,0.085,0.128,0.084,0.1,0.1,124823,0.0,1.0
2023-12-07,CMRA,0.0951,0.0951,0.09,0.09,0.09,60035,0.0,1.0
2023-12-08,CMRA,0.0801,0.08755,0.0801,0.08121,0.08121,21707,0.0,1.0
2023-12-11,CMRA,0.081,0.081,0.0801,0.0801,0.0801,1110,0.0,1.0
2023-12-12,CMRA,0.0736,0.094,0.0736,0.094,0.094,13725,0.0,1.0
2023-12-13,CMRA,0.09281,0.09281,0.09281,0.09281,0.09281,20000,0.0,1.0
2023-12-14,CMRA,0.08,0.09,0.074,0.0836,0.0836,31570,0.0,1.0
2023-12-15,CMRA,0.09,0.09,0.08375,0.08375,0.08375,8346,0.0,1.0
2023-12-18,CMRA,0.074,0.0815,0.074,0.074,0.074,6948,0.0,1.0
2023-12-19,CMRA,0.076,0.08,0.076,0.08,0.08,73995,0.0,1.0
2023-12-20,CMRA,0.074,0.089,0.074,0.075,0.075,30304,0.0,1.0
2023-12-21,CMRA,0.074,0.07675,0.06749,0.06749,0.06749,24157,0.0,1.0
2023-12-22,CMRA,0.0661,0.071,0.0661,0.0661,0.0661,6164,0.0,1.0
2023-12-26,CMRA,0.070965,0.08,0.0661,0.07305,0.07305,33652,0.0,1.0
2023-12-27,CMRA,0.066,0.07,0.05,0.055,0.055,62983,0.0,1.0
2023-12-28,CMRA,0.055,0.0697,0.055,0.055,0.055,8455,0.0,1.0
2023-12-29,CMRA,0.055,0.075,0.055,0.055,0.055,26194,0.0,1.0
2024-01-02,CMRA,0.055,0.06025,0.055,0.056,0.056,5902,0.0,1.0
2024-01-03,CMRA,0.056,0.06,0.052,0.052,0.052,5243,0.0,1.0
2024-01-04,CMRA,0.068,0.09,0.068,0.0701,0.0701,47724,0.0,1.0
2024-01-05,CMRA,0.07,0.075,0.065,0.075,0.075,21732,0.0,1.0
2024-01-08,CMRA,0.0894,0.0894,0.072,0.072,0.072,21232,0.0,1.0
2024-01-09,CMRA,0.074,0.075,0.074,0.075,0.075,12500,0.0,1.0
2024-01-10,CMRA,0.074,0.074,0.074,0.074,0.074,201,0.0,1.0
2024-01-11,CMRA,0.085,0.085,0.074,0.074,0.074,8519,0.0,1.0
2024-01-12,CMRA,0.085,0.085,0.074,0.074,0.074,17594,0.0,1.0
2024-01-16,CMRA,0.072,0.0785,0.072,0.074,0.074,12565,0.0,1.0
2024-01-17,CMRA,0.085,0.085,0.071,0.07925,0.07925,6782,0.0,1.0
2024-01-18,CMRA,0.085,0.085,0.071,0.071,0.071,101053,0.0,1.0
2024-01-19,CMRA,0.071,0.071,0.071,0.071,0.071,2477,0.0,1.0
2024-01-22,CMRA,0.071,0.071,0.071,0.071,0.071,20439,0.0,1.0
2024-01-23,CMRA,0.071,0.0745,0.071,0.0745,0.0745,312,0.0,1.0
2024-01-24,CMRA,0.071,0.071,0.071,0.071,0.071,709,0.0,1.0
2024-01-25,CMRA,0.071,0.071,0.062,0.062,0.062,34529,0.0,1.0
2024-01-26,CMRA,0.067,0.067,0.067,0.067,0.067,250,0.0,1.0
2024-01-29,CMRA,0.07,0.07,0.07,0.07,0.07,100,0.0,1.0
2024-01-30,CMRA,0.07,0.07,0.054,0.06356,0.06356,132386,0.0,1.0
2024-01-31,CMRA,0.0531,0.0531,0.0364,0.037,0.037,298607,0.0,1.0
2024-02-01,CMRA,0.0399,0.0399,0.036,0.036,0.036,41099,0.0,1.0
2024-02-02,CMRA,0.036,0.036,0.035,0.035,0.035,76610,0.0,1.0
2024-02-05,CMRA,0.035,0.0399,0.035,0.0399,0.0399,22502,0.0,1.0
2024-02-06,CMRA,0.035,0.0399,0.035,0.03501,0.03501,11337,0.0,1.0
2024-02-07,CMRA,0.033,0.0399,0.033,0.0399,0.0399,28580,0.0,1.0
2024-02-08,CMRA,0.03985,0.0399,0.036,0.0384,0.0384,69461,0.0,1.0
2024-02-09,CMRA,0.036,0.0409,0.036,0.0409,0.0409,25032,0.0,1.0
2024-02-12,CMRA,0.045,0.045,0.045,0.045,0.045,900,0.0,1.0
2024-02-13,CMRA,0.045,0.045,0.04325,0.045,0.045,1900,0.0,1.0
2024-02-14,CMRA,0.045,0.045,0.04,0.0414,0.0414,2917,0.0,1.0
2024-02-15,CMRA,0.0387,0.0387,0.036,0.036,0.036,2943,0.0,1.0
2024-02-16,CMRA,0.036,0.036,0.035,0.035,0.035,1617,0.0,1.0
2024-02-20,CMRA,0.035,0.0449,0.0334,0.0449,0.0449,9647,0.0,1.0
2024-02-21,CMRA,0.0337,0.0337,0.0337,0.0337,0.0337,1004,0.0,1.0
2024-02-22,CMRA,0.0337,0.0337,0.0337,0.0337,0.0337,1053,0.0,1.0
2024-02-23,CMRA,0.0393,0.0449,0.0383,0.04147,0.04147,8661,0.0,1.0
2024-02-26,CMRA,0.0339,0.04,0.0339,0.04,0.04,39351,0.0,1.0
2024-02-27,CMRA,0.035,0.042,0.035,0.042,0.042,1201,0.0,1.0
2024-02-28,CMRA,0.035,0.03945,0.034,0.03945,0.03945,29466,0.0,1.0
2024-02-29,CMRA,0.034,0.0449,0.0339,0.0405,0.0405,1633,0.0,1.0
2024-03-01,CMRA,0.0339,0.042,0.0339,0.042,0.042,300,0.0,1.0
2024-03-04,CMRA,0.0449,0.0449,0.0449,0.0449,0.0449,4435,0.0,1.0
2024-03-05,CMRA,0.0449,0.0449,0.0449,0.0449,0.0449,6,0.0,1.0
2024-03-06,CMRA,0.0339,0.0439,0.0339,0.0339,0.0339,1699,0.0,1.0
2024-03-07,CMRA,0.0339,0.0384,0.0339,0.0339,0.0339,5982,0.0,1.0
2024-03-08,CMRA,0.0339,0.05987,0.0339,0.0597,0.0597,122402,0.0,1.0
2024-03-11,CMRA,0.04,0.05,0.04,0.05,0.05,635,0.0,1.0
2024-03-12,CMRA,0.054,0.06,0.054,0.06,0.06,480,0.0,1.0
2024-03-13,CMRA,0.0597,0.0597,0.0597,0.0597,0.0597,480,0.0,1.0
2024-03-14,CMRA,0.05,0.05205,0.04,0.05,0.05,314,0.0,1.0
2024-03-15,CMRA,0.05205,0.05205,0.05205,0.05205,0.05205,17,0.0,1.0
2024-03-18,CMRA,0.04,0.0597,0.04,0.045,0.045,2600,0.0,1.0
2024-03-19,CMRA,0.04,0.045,0.04,0.044,0.044,5408,0.0,1.0
2024-03-20,CMRA,0.045,0.045,0.04,0.04,0.04,2400,0.0,1.0
2024-03-21,CMRA,0.034,0.0372,0.034,0.0372,0.0372,5030,0.0,1.0
2024-03-22,CMRA,0.0372,0.0372,0.034,0.034,0.034,47424,0.0,1.0
2024-03-25,CMRA,0.035,0.035,0.035,0.035,0.035,671,0.0,1.0
2024-03-26,CMRA,0.035,0.035,0.035,0.035,0.035,0,0.0,1.0
2024-03-27,CMRA,0.0342,0.0342,0.034,0.034,0.034,340,0.0,1.0
2024-03-28,CMRA,0.0372,0.04,0.034,0.034,0.034,11518,0.0,1.0
2024-04-01,CMRA,0.036,0.036,0.034,0.034,0.034,1150,0.0,1.0
2024-04-02,CMRA,0.034,0.034,0.034,0.034,0.034,1150,0.0,1.0
2024-04-03,CMRA,0.034,0.034,0.034,0.034,0.034,11000,0.0,1.0
2024-04-04,CMRA,0.0363,0.0363,0.034,0.035,0.035,100,0.0,1.0
2024-04-05,CMRA,0.037,0.041,0.037,0.041,0.041,3202,0.0,1.0
2024-04-08,CMRA,0.0407,0.0407,0.034,0.0407,0.0407,3202,0.0,1.0
2024-04-09,CMRA,0.03735,0.0407,0.034,0.034,0.034,4675,0.0,1.0
2024-04-10,CMRA,0.04,0.04,0.037,0.04,0.04,40113,0.0,1.0
2024-04-11,CMRA,0.037,0.037,0.037,0.037,0.037,5103,0.0,1.0
2024-04-12,CMRA,0.03745,0.038,0.037,0.038,0.038,12070,0.0,1.0
2024-04-15,CMRA,0.034,0.0595,0.034,0.0595,0.0595,79371,0.0,1.0
2024-04-16,CMRA,0.0595,0.0595,0.0595,0.0595,0.0595,1500,0.0,1.0
2024-04-17,CMRA,0.05,0.05,0.041,0.041,0.041,2000,0.0,1.0
2024-04-18,CMRA,0.041,0.041,0.041,0.041,0.041,170,0.0,1.0
2024-04-19,CMRA,0.041,0.041,0.041,0.041,0.041,2426,0.0,1.0
2024-04-22,CMRA,0.041,0.041,0.041,0.041,0.041,100,0.0,1.0
2024-04-23,CMRA,0.041,0.041,0.041,0.041,0.041,3046,0.0,1.0
2024-04-24,CMRA,0.041,0.041,0.041,0.041,0.041,0,0.0,1.0
2024-04-25,CMRA,0.0215,0.04,0.0215,0.0361,0.0361,134565,0.0,1.0
2024-04-26,CMRA,0.0361,0.0361,0.0361,0.0361,0.0361,267,0.0,1.0
2024-04-29,CMRA,0.0361,0.0361,0.0361,0.0361,0.0361,6,0.0,1.0
2024-04-30,CMRA,0.0361,0.04,0.0361,0.04,0.04,2250,0.0,1.0
2024-05-01,CMRA,0.0361,0.03805,0.0361,0.0361,0.0361,58916,0.0,1.0
2024-05-02,CMRA,0.03,0.03,0.03,0.03,0.03,41072,0.0,1.0
2024-05-03,CMRA,0.03,0.03,0.03,0.03,0.03,2,0.0,1.0
2024-05-06,CMRA,0.0212,0.0212,0.0212,0.0212,0.0212,14000,0.0,1.0
2024-05-07,CMRA,0.02684,0.02684,0.02684,0.02684,0.02684,417,0.0,1.0
2024-05-08,CMRA,0.02684,0.02684,0.02684,0.02684,0.02684,0,0.0,1.0
2024-05-09,CMRA,0.02684,0.02684,0.02684,0.02684,0.02684,0,0.0,1.0
2024-05-10,CMRA,0.0212,0.0212,0.0212,0.0212,0.0212,5001,0.0,1.0
2024-05-13,CMRA,0.0311,0.0311,0.0212,0.0212,0.0212,928,0.0,1.0
2024-05-14,CMRA,0.025,0.025,0.0212,0.0212,0.0212,2920,0.0,1.0
2024-05-15,CMRA,0.0212,0.0212,0.0212,0.0212,0.0212,16,0.0,1.0
2024-05-16,CMRA,0.0225,0.0307,0.0225,0.0307,0.0307,2082,0.0,1.0
2024-05-17,CMRA,0.02925,0.02925,0.02925,0.02925,0.02925,340,0.0,1.0
2024-05-20,CMRA,0.02925,0.02925,0.02925,0.02925,0.02925,1,0.0,1.0
2024-05-21,CMRA,0.02925,0.02925,0.02925,0.02925,0.02925,0,0.0,1.0
2024-05-22,CMRA,0.02925,0.02925,0.02925,0.02925,0.02925,56,0.0,1.0
2024-05-23,CMRA,0.02925,0.02925,0.02925,0.02925,0.02925,2,0.0,1.0
2024-05-24,CMRA,0.02925,0.02925,0.02925,0.02925,0.02925,0,0.0,1.0
2024-05-28,CMRA,0.03,0.0307,0.0229,0.0229,0.0229,18586,0.0,1.0
2024-05-29,CMRA,0.0229,0.0229,0.0229,0.0229,0.0229,0,0.0,1.0
2024-05-30,CMRA,0.0227,0.0229,0.0227,0.0227,0.0227,3685,0.0,1.0
2024-05-31,CMRA,0.0227,0.0307,0.0227,0.0227,0.0227,1104,0.0,1.0
2024-06-03,CMRA,0.023,0.023,0.0227,0.0227,0.0227,11529,0.0,1.0
2024-06-04,CMRA,0.0305,0.0305,0.02775,0.02775,0.02775,2183,0.0,1.0
2024-06-05,CMRA,0.02775,0.02775,0.02775,0.02775,0.02775,0,0.0,1.0
2024-06-06,CMRA,0.028,0.028,0.028,0.028,0.028,148,0.0,1.0
2024-06-07,CMRA,0.028,0.028,0.028,0.028,0.028,19,0.0,1.0
2024-06-10,CMRA,0.0305,0.0305,0.02665,0.02665,0.02665,27910,0.0,1.0
2024-06-11,CMRA,0.025,0.025,0.025,0.025,0.025,5410,0.0,1.0
2024-06-12,CMRA,0.0251,0.0251,0.025065,0.025065,0.025065,19401,0.0,1.0
2024-06-13,CMRA,0.025,0.025,0.025,0.025,0.025,18840,0.0,1.0
2024-06-14,CMRA,0.025,0.025,0.025,0.025,0.025,2,0.0,1.0
2024-06-17,CMRA,0.025,0.025,0.025,0.025,0.025,3,0.0,1.0
2024-06-18,CMRA,0.025,0.025,0.025,0.025,0.025,710,0.0,1.0
2024-06-20,CMRA,0.025,0.025,0.025,0.025,0.025,180,0.0,1.0
2024-06-21,CMRA,0.025,0.025,0.025,0.025,0.025,0,0.0,1.0
2024-06-24,CMRA,0.0251,0.0251,0.0251,0.0251,0.0251,20012,0.0,1.0
2024-06-25,CMRA,0.0251,0.0251,0.0251,0.0251,0.0251,401,0.0,1.0
2024-06-26,CMRA,0.0251,0.0252,0.0251,0.0252,0.0252,1889,0.0,1.0
2024-06-27,CMRA,0.0252,0.0252,0.0252,0.0252,0.0252,38,0.0,1.0
2024-06-28,CMRA,0.025,0.025,0.025,0.025,0.025,220,0.0,1.0
2024-07-01,CMRA,0.025,0.025,0.025,0.025,0.025,1,0.0,1.0
2024-07-02,CMRA,0.025,0.025,0.025,0.025,0.025,6305,0.0,1.0
2024-07-03,CMRA,0.0255,0.0255,0.0255,0.0255,0.0255,124,0.0,1.0
2024-07-05,CMRA,0.02675,0.02675,0.02675,0.02675,0.02675,1000,0.0,1.0
2024-07-08,CMRA,0.02675,0.02675,0.02675,0.02675,0.02675,31,0.0,1.0
2024-07-09,CMRA,0.02675,0.02675,0.02675,0.02675,0.02675,1,0.0,1.0
2024-07-10,CMRA,0.0275,0.0275,0.0268,0.0268,0.0268,37026,0.0,1.0
2024-07-11,CMRA,0.0255,0.03,0.0213,0.03,0.03,30389,0.0,1.0
2024-07-12,CMRA,0.02585,0.0294,0.02585,0.02585,0.02585,5655,0.0,1.0
2024-07-15,CMRA,0.0305,0.0305,0.0221,0.0221,0.0221,1357,0.0,1.0
2024-07-16,CMRA,0.0222,0.0222,0.0222,0.0222,0.0222,26337,0.0,1.0
2024-07-17,CMRA,0.0222,0.0222,0.0222,0.0222,0.0222,0,0.0,1.0
2024-07-18,CMRA,0.0222,0.0222,0.0222,0.0222,0.0222,0,0.0,1.0
2024-07-19,CMRA,0.0222,0.0222,0.0222,0.0222,0.0222,0,0.0,1.0
2024-07-22,CMRA,0.0222,0.0222,0.0222,0.0222,0.0222,0,0.0,1.0
2024-07-23,CMRA,0.0222,0.0222,0.0222,0.0222,0.0222,0,0.0,1.0
2024-07-24,CMRA,0.0222,0.0222,0.0222,0.0222,0.0222,0,0.0,1.0
2024-07-25,CMRA,0.0222,0.0222,0.0222,0.0222,0.0222,0,0.0,1.0
2024-07-26,CMRA,0.0222,0.0222,0.0222,0.0222,0.0222,0,0.0,1.0
2024-07-29,CMRA,0.0222,0.0222,0.0222,0.0222,0.0222,0,0.0,1.0
2024-07-30,CMRA,0.0222,0.0222,0.0222,0.0222,0.0222,0,0.0,1.0
2024-07-31,CMRA,0.0222,0.0222,0.0222,0.0222,0.0222,0,0.0,1.0
2024-08-01,CMRA,0.0222,0.0222,0.0222,0.0222,0.0222,0,0.0,1.0
2024-08-02,CMRA,1e-06,0.0001,1e-06,1e-06,1e-06,2900,0.0,1.0
2024-08-05,CMRA,1e-06,1e-06,1e-06,1e-06,1e-06,0,0.0,1.0
2024-08-06,CMRA,1e-06,1e-06,1e-06,1e-06,1e-06,0,0.0,1.0
2024-08-07,CMRA,1e-06,1e-06,1e-06,1e-06,1e-06,0,0.0,1.0
2024-08-08,CMRA,1e-06,1e-06,1e-06,1e-06,1e-06,8174,0.0,1.0
2024-08-09,CMRA,1e-06,1e-06,1e-06,1e-06,1e-06,0,0.0,1.0
2024-08-12,CMRA,1e-06,1e-06,1e-06,1e-06,1e-06,0,0.0,1.0
2024-08-13,CMRA,1e-06,1e-06,1e-06,1e-06,1e-06,0,0.0,1.0
2024-08-14,CMRA,1e-06,1e-06,1e-06,1e-06,1e-06,0,0.0,1.0
2024-08-15,CMRA,1e-06,1e-06,1e-06,1e-06,1e-06,0,0.0,1.0
2024-08-16,CMRA,1e-06,1e-06,1e-06,1e-06,1e-06,0,0.0,1.0
2024-08-19,CMRA,1e-06,1e-06,1e-06,1e-06,1e-06,0,0.0,1.0
2024-08-20,CMRA,1e-06,1e-06,1e-06,1e-06,1e-06,0,0.0,1.0
2024-08-21,CMRA,1e-06,1e-06,1e-06,1e-06,1e-06,0,0.0,1.0
2024-08-22,CMRA,1e-06,1e-06,1e-06,1e-06,1e-06,0,0.0,1.0
2024-08-23,CMRA,1e-06,1e-06,1e-06,1e-06,1e-06,0,0.0,1.0
2024-08-26,CMRA,1e-06,1e-06,1e-06,1e-06,1e-06,0,0.0,1.0
2024-08-27,CMRA,1e-06,1e-06,1e-06,1e-06,1e-06,0,0.0,1.0
2024-08-28,CMRA,1e-06,1e-06,1e-06,1e-06,1e-06,0,0.0,1.0
2024-08-29,CMRA,1e-06,1e-06,1e-06,1e-06,1e-06,0,0.0,1.0
2024-08-30,CMRA,1e-06,1e-06,1e-06,1e-06,1e-06,0,0.0,1.0
2024-09-03,CMRA,1e-06,1e-06,1e-06,1e-06,1e-06,0,0.0,1.0
2024-09-04,CMRA,1e-06,1e-06,1e-06,1e-06,1e-06,0,0.0,1.0
2024-09-05,CMRA,1e-06,1e-06,1e-06,1e-06,1e-06,0,0.0,1.0
2024-09-06,CMRA,1e-06,1e-06,1e-06,1e-06,1e-06,0,0.0,1.0
2024-09-09,CMRA,1e-06,1e-06,1e-06,1e-06,1e-06,0,0.0,1.0
2024-09-10,CMRA,1e-06,1e-06,1e-06,1e-06,1e-06,0,0.0,1.0
2024-09-11,CMRA,1e-06,1e-06,1e-06,1e-06,1e-06,0,0.0,1.0
2024-09-12,CMRA,1e-06,1e-06,1e-06,1e-06,1e-06,0,0.0,1.0
2024-09-13,CMRA,1e-06,1e-06,1e-06,1e-06,1e-06,0,0.0,1.0
2024-09-16,CMRA,1e-06,1e-06,1e-06,1e-06,1e-06,0,0.0,1.0
2024-09-17,CMRA,1e-06,1e-06,1e-06,1e-06,1e-06,0,0.0,1.0
2024-09-18,CMRA,1e-06,1e-06,1e-06,1e-06,1e-06,0,0.0,1.0
2024-09-19,CMRA,1e-06,1e-06,1e-06,1e-06,1e-06,10,0.0,1.0
2024-09-20,CMRA,1e-06,1e-06,1e-06,1e-06,1e-06,0,0.0,1.0
2024-09-23,CMRA,1e-06,1e-06,1e-06,1e-06,1e-06,0,0.0,1.0
2024-09-24,CMRA,1e-06,1e-06,1e-06,1e-06,1e-06,0,0.0,1.0
2024-09-25,CMRA,1e-06,1e-06,1e-06,1e-06,1e-06,0,0.0,1.0
2024-09-26,CMRA,1e-06,1e-06,1e-06,1e-06,1e-06,4,0.0,1.0
2024-09-27,CMRA,1e-06,1e-06,1e-06,1e-06,1e-06,0,0.0,1.0
2024-09-30,CMRA,1e-06,1e-06,1e-06,1e-06,1e-06,0,0.0,1.0
2024-10-01,CMRA,1e-06,1e-06,1e-06,1e-06,1e-06,0,0.0,1.0
2024-10-02,CMRA,1e-06,1e-06,1e-06,1e-06,1e-06,0,0.0,1.0
2024-10-03,CMRA,1e-06,1e-06,1e-06,1e-06,1e-06,5,0.0,1.0
2024-10-04,CMRA,1e-06,1e-06,1e-06,1e-06,1e-06,0,0.0,1.0
2024-10-07,CMRA,1e-06,1e-06,1e-06,1e-06,1e-06,0,0.0,1.0
2024-10-08,CMRA,1e-06,1e-06,1e-06,1e-06,1e-06,0,0.0,1.0
2024-10-09,CMRA,0.0001,0.0001,0.0001,0.0001,0.0001,4000,0.0,1.0
2024-10-10,CMRA,0.0001,0.0001,0.0001,0.0001,0.0001,0,0.0,1.0
2024-10-11,CMRA,0.01,0.03,0.01,0.01,0.01,29971,0.0,1.0
2024-10-14,CMRA,0.01,0.01,0.01,0.01,0.01,0,0.0,1.0
2024-10-15,CMRA,0.01,0.01,0.01,0.01,0.01,42,0.0,1.0
2024-10-16,CMRA,0.01,0.01,0.01,0.01,0.01,0,0.0,1.0
2024-10-17,CMRA,0.01,0.01,0.01,0.01,0.01,0,0.0,1.0
2024-10-18,CMRA,0.01,0.01,0.01,0.01,0.01,0,0.0,1.0
2024-10-21,CMRA,0.0001,0.0001,0.0001,0.0001,0.0001,800,0.0,1.0
2024-10-22,CMRA,0.0001,0.0001,0.0001,0.0001,0.0001,9910,0.0,1.0
2024-10-23,CMRA,0.0001,0.0001,0.0001,0.0001,0.0001,0,0.0,1.0
2024-10-24,CMRA,0.0001,0.0001,0.0001,0.0001,0.0001,40,0.0,1.0
2024-10-25,CMRA,0.0002,0.0002,0.0002,0.0002,0.0002,500,0.0,1.0
2024-10-28,CMRA,0.0002,0.0002,0.0002,0.0002,0.0002,0,0.0,1.0
2024-10-29,CMRA,0.0002,0.0002,0.0002,0.0002,0.0002,0,0.0,1.0
2024-10-30,CMRA,0.0001,0.0001,0.0001,0.0001,0.0001,1600,0.0,1.0
2024-10-31,CMRA,0.0001,0.0001,0.0001,0.0001,0.0001,0,0.0,1.0
2024-11-01,CMRA,0.0001,0.0001,0.0001,0.0001,0.0001,0,0.0,1.0
2024-11-04,CMRA,0.0001,0.0001,0.0001,0.0001,0.0001,0,0.0,1.0
2024-11-05,CMRA,0.0001,0.0001,0.0001,0.0001,0.0001,0,0.0,1.0
2024-11-06,CMRA,0.0001,0.0001,0.0001,0.0001,0.0001,0,0.0,1.0
2024-11-07,CMRA,0.0001,0.0001,0.0001,0.0001,0.0001,300,0.0,1.0
2024-11-08,CMRA,0.0001,0.0001,0.0001,0.0001,0.0001,10,0.0,1.0
2024-11-11,CMRA,0.0001,0.0001,0.0001,0.0001,0.0001,0,0.0,1.0
2024-11-12,CMRA,0.0001,0.0001,0.0001,0.0001,0.0001,0,0.0,1.0
2024-11-13,CMRA,1e-06,1e-06,1e-06,1e-06,1e-06,180,0.0,1.0
2024-11-14,CMRA,0.0001,0.0001,0.0001,0.0001,0.0001,12450,0.0,1.0
2024-11-15,CMRA,0.0001,0.0001,0.0001,0.0001,0.0001,0,0.0,1.0
2024-11-18,CMRA,0.0001,0.0001,0.0001,0.0001,0.0001,10,0.0,1.0
2024-11-19,CMRA,0.0001,0.0003,0.0001,0.0003,0.0003,122889,0.0,1.0
2024-11-20,CMRA,0.0003,0.0003,0.0003,0.0003,0.0003,0,0.0,1.0
2024-11-21,CMRA,0.0003,0.0003,0.0003,0.0003,0.0003,0,0.0,1.0
2024-11-22,CMRA,0.0003,0.0003,0.0003,0.0003,0.0003,0,0.0,1.0
2024-11-25,CMRA,0.0002,0.0002,0.0002,0.0002,0.0002,60285,0.0,1.0
2024-11-26,CMRA,0.0002,0.0002,0.0002,0.0002,0.0002,0,0.0,1.0
2024-11-27,CMRA,1e-06,1e-06,1e-06,1e-06,1e-06,5000,0.0,1.0
2024-12-02,CMRA,1e-06,1e-06,1e-06,1e-06,1e-06,10000,0.0,1.0
2024-12-03,CMRA,1e-06,1e-06,1e-06,1e-06,1e-06,0,0.0,1.0
2024-12-04,CMRA,1e-06,1e-06,1e-06,1e-06,1e-06,0,0.0,1.0
2024-12-05,CMRA,1e-06,1e-06,1e-06,1e-06,1e-06,10000,0.0,1.0
2024-12-06,CMRA,0.0001,0.0001,0.0001,0.0001,0.0001,0,0.0,1.0
2024-12-09,CMRA,0.0001,0.0001,0.0001,0.0001,0.0001,0,0.0,1.0
2024-12-10,CMRA,0.0001,0.0001,0.0001,0.0001,0.0001,15,0.0,1.0
2024-12-11,CMRA,0.0001,0.0001,0.0001,0.0001,0.0001,200,0.0,1.0
2024-12-12,CMRA,0.0001,0.0001,0.0001,0.0001,0.0001,0,0.0,1.0
2024-12-13,CMRA,0.0002,0.0002,0.0001,0.0001,0.0001,2198,0.0,1.0
2024-12-16,CMRA,0.0001,0.0001,0.0001,0.0001,0.0001,5016,0.0,1.0
2024-12-17,CMRA,0.0001,0.0001,0.0001,0.0001,0.0001,0,0.0,1.0
2024-12-18,CMRA,0.0001,0.0001,0.0001,0.0001,0.0001,0,0.0,1.0
2024-12-19,CMRA,0.0001,0.0001,0.0001,0.0001,0.0001,0,0.0,1.0
2024-12-20,CMRA,0.0001,0.0001,0.0001,0.0001,0.0001,0,0.0,1.0
2024-12-23,CMRA,0.0001,0.0002,0.0001,0.0002,0.0002,107400,0.0,1.0
2024-12-24,CMRA,0.0002,0.0002,0.0002,0.0002,0.0002,0,0.0,1.0
2024-12-26,CMRA,0.0002,0.0002,0.0002,0.0002,0.0002,30107,0.0,1.0
2024-12-27,CMRA,0.0002,0.0002,0.0002,0.0002,0.0002,1316,0.0,1.0
2024-12-30,CMRA,0.0002,0.0002,0.0002,0.0002,0.0002,129921,0.0,1.0
2024-12-31,CMRA,0.0002,0.0002,0.0002,0.0002,0.0002,6976,0.0,1.0
2025-01-02,CMRA,0.0002,0.0002,0.0002,0.0002,0.0002,0,0.0,1.0
2025-01-03,CMRA,0.0002,0.0002,0.0002,0.0002,0.0002,200,0.0,1.0
2025-01-06,CMRA,0.0002,0.0002,0.0002,0.0002,0.0002,0,0.0,1.0
2025-01-07,CMRA,0.0002,0.0002,0.0002,0.0002,0.0002,4000,0.0,1.0
2025-01-08,CMRA,0.0002,0.0002,0.0002,0.0002,0.0002,0,0.0,1.0
2025-01-10,CMRA,0.0002,0.0002,0.0002,0.0002,0.0002,0,0.0,1.0
2025-01-13,CMRA,0.0002,0.0002,0.0002,0.0002,0.0002,0,0.0,1.0
2025-01-14,CMRA,0.0002,0.0002,0.0002,0.0002,0.0002,0,0.0,1.0
2025-01-15,CMRA,0.0002,0.0002,0.0002,0.0002,0.0002,0,0.0,1.0
2025-01-16,CMRA,0.0002,0.0002,0.0002,0.0002,0.0002,0,0.0,1.0
2025-01-17,CMRA,0.0002,0.0002,0.0002,0.0002,0.0002,0,0.0,1.0
2025-01-21,CMRA,0.0002,0.0002,0.0002,0.0002,0.0002,0,0.0,1.0
2025-01-22,CMRA,0.0002,0.0002,0.0002,0.0002,0.0002,0,0.0,1.0
2025-01-23,CMRA,0.0002,0.0002,0.0002,0.0002,0.0002,0,0.0,1.0
2025-01-24,CMRA,0.0002,0.0002,0.0002,0.0002,0.0002,0,0.0,1.0
2025-01-27,CMRA,0.0002,0.0002,0.0002,0.0002,0.0002,0,0.0,1.0
2025-01-28,CMRA,0.0002,0.0002,0.0002,0.0002,0.0002,0,0.0,1.0
2025-01-29,CMRA,0.0002,0.0002,0.0002,0.0002,0.0002,0,0.0,1.0
2025-01-30,CMRA,0.0002,0.0002,0.0002,0.0002,0.0002,0,0.0,1.0
2025-01-31,CMRA,0.0002,0.0002,0.0002,0.0002,0.0002,0,0.0,1.0
2025-02-03,CMRA,0.0002,0.0002,0.0002,0.0002,0.0002,0,0.0,1.0
2025-02-04,CMRA,0.0002,0.0002,0.0002,0.0002,0.0002,0,0.0,1.0
2025-02-05,CMRA,0.0002,0.0002,0.0002,0.0002,0.0002,0,0.0,1.0
2025-02-06,CMRA,0.0002,0.0002,0.0002,0.0002,0.0002,0,0.0,1.0
2025-02-07,CMRA,0.0002,0.0002,0.0002,0.0002,0.0002,23261,0.0,1.0
2025-02-10,CMRA,0.0002,0.0002,0.0002,0.0002,0.0002,0,0.0,1.0
2025-02-11,CMRA,0.0002,0.0002,0.0002,0.0002,0.0002,0,0.0,1.0
2025-02-12,CMRA,0.0002,0.0002,0.0002,0.0002,0.0002,0,0.0,1.0
2025-02-13,CMRA,0.0002,0.0002,0.0002,0.0002,0.0002,0,0.0,1.0
2025-02-14,CMRA,0.0002,0.0002,0.0002,0.0002,0.0002,0,0.0,1.0
2025-02-18,CMRA,0.0002,0.0002,0.0002,0.0002,0.0002,53,0.0,1.0
2025-02-19,CMRA,0.0002,0.0002,0.0002,0.0002,0.0002,0,0.0,1.0
2025-02-20,CMRA,0.0002,0.0002,0.0002,0.0002,0.0002,222,0.0,1.0
2025-02-21,CMRA,0.0002,0.0002,0.0002,0.0002,0.0002,0,0.0,1.0
2025-02-24,CMRA,0.0002,0.0002,0.0002,0.0002,0.0002,0,0.0,1.0
2025-02-25,CMRA,0.0002,0.0002,0.0002,0.0002,0.0002,0,0.0,1.0
2025-02-26,CMRA,0.0002,0.0002,0.0002,0.0002,0.0002,1,0.0,1.0
2025-02-27,CMRA,0.0002,0.0002,0.0002,0.0002,0.0002,0,0.0,1.0
2025-02-28,CMRA,0.0002,0.0002,0.0002,0.0002,0.0002,0,0.0,1.0
2025-03-03,CMRA,0.0002,0.0002,0.0002,0.0002,0.0002,0,0.0,1.0
2025-03-04,CMRA,0.0002,0.0002,0.0002,0.0002,0.0002,0,0.0,1.0
2025-03-05,CMRA,0.0002,0.0002,0.0002,0.0002,0.0002,0,0.0,1.0
2025-03-06,CMRA,0.0002,0.0002,0.0002,0.0002,0.0002,0,0.0,1.0
2025-03-07,CMRA,0.0002,0.0002,0.0002,0.0002,0.0002,20000,0.0,1.0
2025-03-11,CMRA,0.0002,0.0002,0.0002,0.0002,0.0002,0,0.0,1.0
2025-03-12,CMRA,0.0002,0.0002,0.0002,0.0002,0.0002,0,0.0,1.0
2025-03-13,CMRA,0.0002,0.0002,0.0002,0.0002,0.0002,0,0.0,1.0
2025-03-14,CMRA,0.0002,0.0002,0.0002,0.0002,0.0002,0,0.0,1.0
2025-03-17,CMRA,0.0002,0.0002,0.0002,0.0002,0.0002,1,0.0,1.0
2025-03-18,CMRA,0.0002,0.0002,0.0002,0.0002,0.0002,0,0.0,1.0
2025-03-19,CMRA,0.0002,0.0002,0.0002,0.0002,0.0002,0,0.0,1.0
2025-03-20,CMRA,0.0002,0.0002,0.0002,0.0002,0.0002,59,0.0,1.0
2025-03-21,CMRA,0.0002,0.0002,0.0002,0.0002,0.0002,0,0.0,1.0
2025-03-24,CMRA,0.0002,0.0002,0.0002,0.0002,0.0002,0,0.0,1.0
2025-03-25,CMRA,0.0002,0.0002,0.0002,0.0002,0.0002,0,0.0,1.0
2025-03-26,CMRA,0.0002,0.0002,0.0002,0.0002,0.0002,600,0.0,1.0
2025-03-27,CMRA,0.0002,0.0002,0.0002,0.0002,0.0002,0,0.0,1.0
2025-03-28,CMRA,0.0002,0.0002,0.0002,0.0002,0.0002,0,0.0,1.0
2025-03-31,CMRA,0.0002,0.0002,0.0002,0.0002,0.0002,0,0.0,1.0
2025-04-01,CMRA,0.0002,0.0002,0.0002,0.0002,0.0002,0,0.0,1.0
2025-04-02,CMRA,0.0002,0.0002,0.0002,0.0002,0.0002,0,0.0,1.0
2025-04-03,CMRA,0.0002,0.0002,0.0002,0.0002,0.0002,0,0.0,1.0
2025-04-04,CMRA,0.0002,0.0002,0.0002,0.0002,0.0002,0,0.0,1.0
2025-04-07,CMRA,0.0002,0.0002,0.0002,0.0002,0.0002,0,0.0,1.0
2025-04-08,CMRA,0.0002,0.0002,0.0002,0.0002,0.0002,0,0.0,1.0
2025-04-09,CMRA,0.0002,0.0002,0.0002,0.0002,0.0002,192,0.0,1.0
2025-04-10,CMRA,0.0002,0.0002,0.0002,0.0002,0.0002,4000,0.0,1.0
2025-04-11,CMRA,0.0002,0.0002,0.0002,0.0002,0.0002,0,0.0,1.0
2025-04-14,CMRA,0.0002,0.0002,0.0002,0.0002,0.0002,10,0.0,1.0
2025-04-15,CMRA,0.0002,0.0002,0.0002,0.0002,0.0002,0,0.0,1.0
2025-04-16,CMRA,0.0002,0.0002,0.0002,0.0002,0.0002,0,0.0,1.0
2025-04-17,CMRA,0.0002,0.0002,0.0002,0.0002,0.0002,0,0.0,1.0
2025-04-21,CMRA,0.0002,0.0002,0.0002,0.0002,0.0002,0,0.0,1.0
2025-04-22,CMRA,0.0002,0.0002,0.0002,0.0002,0.0002,0,0.0,1.0
2025-04-23,CMRA,1e-06,1e-06,1e-06,1e-06,1e-06,10026,0.0,1.0
2025-04-24,CMRA,1e-06,1e-06,1e-06,1e-06,1e-06,118900,0.0,1.0
2025-04-25,CMRA,1e-06,1e-06,1e-06,1e-06,1e-06,0,0.0,1.0
2025-04-28,CMRA,1e-06,1e-06,1e-06,1e-06,1e-06,3,0.0,1.0
2025-04-29,CMRA,1e-06,1e-06,1e-06,1e-06,1e-06,3,0.0,1.0
2025-04-30,CMRA,0.0001,0.0001,0.0001,0.0001,0.0001,0,0.0,1.0
2025-05-01,CMRA,0.0001,0.0001,0.0001,0.0001,0.0001,0,0.0,1.0
2025-05-02,CMRA,0.0001,0.0001,0.0001,0.0001,0.0001,0,0.0,1.0
2025-05-05,CMRA,0.0001,0.0001,0.0001,0.0001,0.0001,0,0.0,1.0
2025-05-06,CMRA,0.0001,0.0001,0.0001,0.0001,0.0001,0,0.0,1.0
2025-05-07,CMRA,0.0001,0.0001,0.0001,0.0001,0.0001,0,0.0,1.0
2025-05-08,CMRA,0.0001,0.0001,0.0001,0.0001,0.0001,0,0.0,1.0
2025-05-09,CMRA,0.0001,0.0001,0.0001,0.0001,0.0001,6142,0.0,1.0
2025-05-12,CMRA,0.0001,0.0001,0.0001,0.0001,0.0001,0,0.0,1.0
2025-05-13,CMRA,0.0001,0.0001,0.0001,0.0001,0.0001,0,0.0,1.0
2025-05-14,CMRA,0.0001,0.0001,0.0001,0.0001,0.0001,0,0.0,1.0
2025-05-15,CMRA,0.0001,0.0001,0.0001,0.0001,0.0001,0,0.0,1.0
2025-05-16,CMRA,0.0001,0.0001,0.0001,0.0001,0.0001,0,0.0,1.0
2025-05-19,CMRA,0.0001,0.0001,0.0001,0.0001,0.0001,0,0.0,1.0
2025-05-20,CMRA,0.0001,0.0001,0.0001,0.0001,0.0001,0,0.0,1.0
2025-05-21,CMRA,0.0001,0.0001,0.0001,0.0001,0.0001,0,0.0,1.0
2025-05-22,CMRA,0.0001,0.0001,0.0001,0.0001,0.0001,0,0.0,1.0
2025-05-23,CMRA,0.0001,0.0001,0.0001,0.0001,0.0001,0,0.0,1.0
2025-05-27,CMRA,0.0002,0.0002,0.0002,0.0002,0.0002,3200,0.0,1.0
2025-05-28,CMRA,0.0002,0.0002,0.0002,0.0002,0.0002,0,0.0,1.0
2025-05-29,CMRA,0.0002,0.0002,0.0002,0.0002,0.0002,0,0.0,1.0
2025-05-30,CMRA,0.0002,0.0002,0.0002,0.0002,0.0002,0,0.0,1.0
2025-06-02,CMRA,0.0002,0.0002,0.0002,0.0002,0.0002,0,0.0,1.0
2025-06-03,CMRA,0.0002,0.0002,0.0002,0.0002,0.0002,9,0.0,1.0
2025-06-04,CMRA,0.0002,0.0002,0.0002,0.0002,0.0002,0,0.0,1.0
2025-06-05,CMRA,0.0002,0.0002,0.0002,0.0002,0.0002,0,0.0,1.0
2025-06-06,CMRA,0.0002,0.0002,0.0002,0.0002,0.0002,56,0.0,1.0
2025-06-09,CMRA,0.0002,0.0002,0.0002,0.0002,0.0002,29,0.0,1.0
2025-06-10,CMRA,0.0002,0.0002,0.0002,0.0002,0.0002,0,0.0,1.0
2025-06-11,CMRA,0.0002,0.0002,0.0002,0.0002,0.0002,0,0.0,1.0
2025-06-12,CMRA,0.0002,0.0002,0.0002,0.0002,0.0002,1,0.0,1.0
2025-06-13,CMRA,0.0002,0.0002,0.0002,0.0002,0.0002,0,0.0,1.0
2025-06-16,CMRA,0.0002,0.0002,0.0002,0.0002,0.0002,2,0.0,1.0
2025-06-17,CMRA,0.0002,0.0002,0.0002,0.0002,0.0002,0,0.0,1.0
2025-06-18,CMRA,0.0002,0.0002,0.0002,0.0002,0.0002,0,0.0,1.0
2025-06-20,CMRA,0.0002,0.0002,0.0002,0.0002,0.0002,20,0.0,1.0
2025-06-23,CMRA,0.0002,0.0002,0.0002,0.0002,0.0002,0,0.0,1.0
2025-06-24,CMRA,0.0002,0.0002,0.0002,0.0002,0.0002,0,0.0,1.0
2025-06-25,CMRA,0.0002,0.0002,0.0002,0.0002,0.0002,0,0.0,1.0
2025-06-26,CMRA,0.0002,0.0002,0.0002,0.0002,0.0002,0,0.0,1.0
2025-06-27,CMRA,0.0002,0.0002,0.0002,0.0002,0.0002,0,0.0,1.0
2025-06-30,CMRA,0.0002,0.0002,0.0002,0.0002,0.0002,202,0.0,1.0
2025-07-01,CMRA,0.0002,0.0002,0.0002,0.0002,0.0002,0,0.0,1.0
2025-07-02,CMRA,0.0002,0.0002,0.0002,0.0002,0.0002,100,0.0,1.0
2025-07-03,CMRA,0.0002,0.0002,0.0002,0.0002,0.0002,0,0.0,1.0
2025-07-07,CMRA,0.0002,0.0002,0.0002,0.0002,0.0002,666,0.0,1.0
2025-07-08,CMRA,0.0002,0.0002,0.0002,0.0002,0.0002,5,0.0,1.0
2025-07-09,CMRA,0.0002,0.0002,0.0002,0.0002,0.0002,620,0.0,1.0
2025-07-10,CMRA,0.0002,0.0002,0.0002,0.0002,0.0002,0,0.0,1.0
2025-07-11,CMRA,0.0002,0.0002,0.0002,0.0002,0.0002,0,0.0,1.0
2025-07-14,CMRA,0.0002,0.0002,0.0002,0.0002,0.0002,0,0.0,1.0
2025-07-15,CMRA,0.0002,0.0002,0.0002,0.0002,0.0002,0,0.0,1.0
2025-07-16,CMRA,0.0002,0.0002,0.0002,0.0002,0.0002,0,0.0,1.0
2025-07-17,CMRA,0.0002,0.0002,0.0002,0.0002,0.0002,0,0.0,1.0
2025-07-18,CMRA,0.0002,0.0002,0.0002,0.0002,0.0002,0,0.0,1.0
2025-07-21,CMRA,0.0002,0.0002,0.0002,0.0002,0.0002,0,0.0,1.0
2025-07-22,CMRA,0.0002,0.0002,0.0002,0.0002,0.0002,0,0.0,1.0
2025-07-23,CMRA,0.0002,0.0002,0.0002,0.0002,0.0002,0,0.0,1.0
2025-07-24,CMRA,0.0002,0.0002,0.0002,0.0002,0.0002,0,0.0,1.0
2025-07-25,CMRA,0.0002,0.0002,0.0002,0.0002,0.0002,0,0.0,1.0
2025-07-28,CMRA,0.0002,0.0002,0.0002,0.0002,0.0002,724,0.0,1.0
2025-07-29,CMRA,0.0002,0.0002,0.0002,0.0002,0.0002,0,0.0,1.0
2025-07-30,CMRA,0.0002,0.0002,0.0002,0.0002,0.0002,0,0.0,1.0
2025-07-31,CMRA,0.0002,0.0002,0.0002,0.0002,0.0002,73,0.0,1.0
2025-08-01,CMRA,0.0002,0.0002,0.0002,0.0002,0.0002,0,0.0,1.0
2025-08-04,CMRA,0.0002,0.0002,0.0002,0.0002,0.0002,0,0.0,1.0
2025-08-05,CMRA,0.0002,0.0002,0.0002,0.0002,0.0002,0,0.0,1.0
2025-08-06,CMRA,0.0002,0.0002,0.0002,0.0002,0.0002,100,0.0,1.0
2025-08-07,CMRA,0.0002,0.0002,0.0002,0.0002,0.0002,10,0.0,1.0
2025-08-08,CMRA,0.0002,0.0002,0.0002,0.0002,0.0002,0,0.0,1.0
2025-08-11,CMRA,0.0002,0.0002,0.0002,0.0002,0.0002,0,0.0,1.0
2025-08-12,CMRA,0.0002,0.0002,0.0002,0.0002,0.0002,0,0.0,1.0
2025-08-13,CMRA,0.0002,0.0002,0.0002,0.0002,0.0002,73,0.0,1.0
2025-08-14,CMRA,0.0002,0.0002,0.0002,0.0002,0.0002,0,0.0,1.0
2025-08-15,CMRA,0.0002,0.0002,0.0002,0.0002,0.0002,0,0.0,1.0
2025-08-18,CMRA,0.0002,0.0002,0.0002,0.0002,0.0002,0,0.0,1.0
2025-08-19,CMRA,0.0002,0.0002,0.0002,0.0002,0.0002,0,0.0,1.0
2025-08-20,CMRA,0.0002,0.0002,0.0002,0.0002,0.0002,0,0.0,1.0
2025-08-21,CMRA,0.0002,0.0002,0.0002,0.0002,0.0002,0,0.0,1.0
2025-08-22,CMRA,0.0002,0.0002,0.0002,0.0002,0.0002,0,0.0,1.0
2025-08-25,CMRA,0.0002,0.0002,0.0002,0.0002,0.0002,0,0.0,1.0
2025-08-26,CMRA,0.0002,0.0002,0.0002,0.0002,0.0002,0,0.0,1.0
2025-08-27,CMRA,0.0002,0.0002,0.0002,0.0002,0.0002,0,0.0,1.0
2025-08-28,CMRA,0.0002,0.0002,0.0002,0.0002,0.0002,0,0.0,1.0
2025-08-29,CMRA,0.0002,0.0002,0.0002,0.0002,0.0002,0,0.0,1.0
2025-09-02,CMRA,0.0002,0.0002,0.0002,0.0002,0.0002,0,0.0,1.0
2025-09-03,CMRA,0.0002,0.0002,0.0002,0.0002,0.0002,0,0.0,1.0
2025-09-04,CMRA,0.0002,0.0002,0.0002,0.0002,0.0002,0,0.0,1.0
2025-09-05,CMRA,0.0002,0.0002,0.0002,0.0002,0.0002,0,0.0,1.0
2025-09-08,CMRA,0.0002,0.0002,0.0002,0.0002,0.0002,0,0.0,1.0
2025-09-09,CMRA,0.0002,0.0002,0.0002,0.0002,0.0002,0,0.0,1.0
2025-09-10,CMRA,0.0002,0.0002,0.0002,0.0002,0.0002,0,0.0,1.0
2025-09-11,CMRA,0.0002,0.0002,0.0002,0.0002,0.0002,0,0.0,1.0
2025-09-12,CMRA,0.0002,0.0002,0.0002,0.0002,0.0002,0,0.0,1.0
2025-09-15,CMRA,0.0002,0.0002,0.0002,0.0002,0.0002,0,0.0,1.0
2025-09-16,CMRA,0.0002,0.0002,0.0002,0.0002,0.0002,101,0.0,1.0
2025-09-17,CMRA,0.0002,0.0002,0.0002,0.0002,0.0002,0,0.0,1.0
2025-09-18,CMRA,0.0002,0.0002,0.0002,0.0002,0.0002,0,0.0,1.0
2025-09-19,CMRA,0.0002,0.0002,0.0002,0.0002,0.0002,1126,0.0,1.0
2025-09-22,CMRA,0.0002,0.0002,0.0002,0.0002,0.0002,0,0.0,1.0
2025-09-23,CMRA,0.0001,0.0001,0.0001,0.0001,0.0001,200,0.0,1.0
2025-09-24,CMRA,0.0001,0.0001,0.0001,0.0001,0.0001,0,0.0,1.0
2025-09-25,CMRA,0.0001,0.0001,0.0001,0.0001,0.0001,0,0.0,1.0
2025-09-26,CMRA,0.0001,0.0001,0.0001,0.0001,0.0001,0,0.0,1.0
2025-09-29,CMRA,0.0001,0.0001,0.0001,0.0001,0.0001,0,0.0,1.0
2025-09-30,CMRA,0.0001,0.0001,0.0001,0.0001,0.0001,0,0.0,1.0
2025-10-01,CMRA,0.0001,0.0001,0.0001,0.0001,0.0001,0,0.0,1.0
2025-10-02,CMRA,0.0001,0.0001,0.0001,0.0001,0.0001,3000,0.0,1.0
2025-10-03,CMRA,0.0001,0.0001,0.0001,0.0001,0.0001,0,0.0,1.0
2025-10-06,CMRA,0.0001,0.0001,0.0001,0.0001,0.0001,0,0.0,1.0
2025-10-07,CMRA,0.0001,0.0001,0.0001,0.0001,0.0001,0,0.0,1.0
2025-10-08,CMRA,0.0001,0.0001,0.0001,0.0001,0.0001,0,0.0,1.0
2025-10-09,CMRA,0.0001,0.0001,0.0001,0.0001,0.0001,0,0.0,1.0
2025-10-10,CMRA,0.0001,0.0001,0.0001,0.0001,0.0001,0,0.0,1.0
2025-10-13,CMRA,0.0001,0.0001,0.0001,0.0001,0.0001,0,0.0,1.0
2025-10-14,CMRA,0.0001,0.0001,0.0001,0.0001,0.0001,0,0.0,1.0
2025-10-15,CMRA,0.0001,0.0001,0.0001,0.0001,0.0001,0,0.0,1.0
2025-10-16,CMRA,0.0001,0.0001,0.0001,0.0001,0.0001,0,0.0,1.0
2025-10-17,CMRA,0.0001,0.0001,0.0001,0.0001,0.0001,0,0.0,1.0
2025-10-20,CMRA,0.0001,0.0001,0.0001,0.0001,0.0001,0,0.0,1.0
2025-10-21,CMRA,0.0001,0.0001,0.0001,0.0001,0.0001,0,0.0,1.0
2025-10-22,CMRA,0.0001,0.0001,0.0001,0.0001,0.0001,0,0.0,1.0
2025-10-23,CMRA,0.0001,0.0001,0.0001,0.0001,0.0001,0,0.0,1.0
2025-10-24,CMRA,0.0001,0.0001,0.0001,0.0001,0.0001,0,0.0,1.0
2025-10-27,CMRA,0.0001,0.0001,0.0001,0.0001,0.0001,1439,0.0,1.0
2025-10-28,CMRA,0.0001,0.0001,0.0001,0.0001,0.0001,0,0.0,1.0
2025-10-29,CMRA,0.0001,0.0001,0.0001,0.0001,0.0001,500,0.0,1.0
2025-10-30,CMRA,0.0001,0.0001,0.0001,0.0001,0.0001,0,0.0,1.0
2025-10-31,CMRA,0.0001,0.0001,0.0001,0.0001,0.0001,200,0.0,1.0
2025-11-03,CMRA,0.0001,0.0001,0.0001,0.0001,0.0001,0,0.0,1.0
2025-11-04,CMRA,0.0001,0.0001,0.0001,0.0001,0.0001,0,0.0,1.0
2025-11-05,CMRA,0.0001,0.0001,0.0001,0.0001,0.0001,0,0.0,1.0
2025-11-06,CMRA,0.0001,0.0001,0.0001,0.0001,0.0001,0,0.0,1.0
2025-11-07,CMRA,0.0001,0.0001,0.0001,0.0001,0.0001,0,0.0,1.0
2025-11-10,CMRA,0.0001,0.0001,0.0001,0.0001,0.0001,74575,0.0,1.0
2025-11-11,CMRA,0.0001,0.0001,0.0001,0.0001,0.0001,2500,0.0,1.0
2025-11-12,CMRA,0.0001,0.0001,0.0001,0.0001,0.0001,0,0.0,1.0
2025-11-13,CMRA,0.0001,0.0001,0.0001,0.0001,0.0001,0,0.0,1.0
2025-11-14,CMRA,0.0001,0.0001,0.0001,0.0001,0.0001,127,0.0,1.0
2025-11-17,CMRA,0.0001,0.0001,0.0001,0.0001,0.0001,100,0.0,1.0
2025-11-18,CMRA,0.0001,0.0001,0.0001,0.0001,0.0001,117,0.0,1.0
2025-11-19,CMRA,0.0001,0.0001,0.0001,0.0001,0.0001,0,0.0,1.0
2025-11-20,CMRA,0.0001,0.0001,0.0001,0.0001,0.0001,0,0.0,1.0
2025-11-21,CMRA,0.0001,0.0001,0.0001,0.0001,0.0001,0,0.0,1.0
2025-11-24,CMRA,0.0001,0.0001,0.0001,0.0001,0.0001,0,0.0,1.0
2025-11-25,CMRA,0.0001,0.0001,0.0001,0.0001,0.0001,0,0.0,1.0
2025-11-26,CMRA,0.0001,0.0001,0.0001,0.0001,0.0001,0,0.0,1.0
2025-11-28,CMRA,0.0001,0.0001,0.0001,0.0001,0.0001,4334,0.0,1.0
2025-12-01,CMRA,0.0001,0.0001,0.0001,0.0001,0.0001,5872,0.0,1.0
2025-12-02,CMRA,0.0001,0.0001,0.0001,0.0001,0.0001,0,0.0,1.0
2025-12-03,CMRA,0.0001,0.0001,0.0001,0.0001,0.0001,0,0.0,1.0
2025-12-04,CMRA,0.0001,0.0001,0.0001,0.0001,0.0001,0,0.0,1.0
2025-12-05,CMRA,0.0001,0.0001,0.0001,0.0001,0.0001,0,0.0,1.0
2025-12-08,CMRA,0.0001,0.0001,0.0001,0.0001,0.0001,0,0.0,1.0
2025-12-09,CMRA,0.0001,0.0001,0.0001,0.0001,0.0001,0,0.0,1.0
2025-12-10,CMRA,0.0001,0.0001,0.0001,0.0001,0.0001,0,0.0,1.0
2025-12-11,CMRA,0.0001,0.0001,0.0001,0.0001,0.0001,0,0.0,1.0
2025-12-12,CMRA,0.0001,0.0001,0.0001,0.0001,0.0001,23,0.0,1.0
2025-12-15,CMRA,0.0001,0.0001,0.0001,0.0001,0.0001,0,0.0,1.0
2025-12-16,CMRA,0.0001,0.0001,0.0001,0.0001,0.0001,0,0.0,1.0
2025-12-17,CMRA,0.0001,0.0001,0.0001,0.0001,0.0001,0,0.0,1.0
2025-12-18,CMRA,0.0001,0.0001,0.0001,0.0001,0.0001,0,0.0,1.0
2025-12-19,CMRA,0.0001,0.0001,0.0001,0.0001,0.0001,0,0.0,1.0
2025-12-22,CMRA,0.0001,0.0001,0.0001,0.0001,0.0001,3751,0.0,1.0
2025-12-23,CMRA,0.0001,0.0001,0.0001,0.0001,0.0001,5922,0.0,1.0
2025-12-24,CMRA,0.0001,0.0001,0.0001,0.0001,0.0001,0,0.0,1.0
2025-12-26,CMRA,0.0001,0.0001,0.0001,0.0001,0.0001,0,0.0,1.0
